Workbook

Sheet Logg
A1: Exempel: logg över hävstångspunkter och möjlighetsfönster (påhittat innehåll)
A2: En rad per hävstångspunkt. Fyll i det gula, låt Förslag räkna, och välj Gruppens val tillsammans på mötet. Översikten ligger på fliken Översikt. Filtrera gärna, sortera fritt.
A4: Nr | B4: Hävstångspunkt | C4: Låset (en mening) | D4: Vem kan agera | E4: Skifte | F4: Hävstång | G4: Räckvidd | H4: Fönster: vad öppnar sig? | I4: Fönster nu? | J4: Förslag | K4: Gruppens val | L4: Nästa steg och ansvarig | M4: Lärdom efter cykeln | N4: Källa | O4: Uppdaterad
A5: HP-001 | B5: Lärande som stannar i projekten | C5: Projekt avslutas och erfarenheterna försvinner med projektgruppen. | D5: Exempelstads kommun, regionens utvecklingsenhet. | E5: Tvärgående | F5: Hög | G5: Hög | H5: Kommunens nya utvecklingsprogram remitteras i höst och anger vem som äger uppföljningen. Säkerhet: medel. | I5: Öppet nu | J5: =IF(B5="","",IF(AND(I5="Öppet nu",F5<>"Låg",G5<>"Låg"),"Ta upp nu",IF(F5="Hög","Bevaka fönster","Parkera"))) -> Ta upp nu | N5: Påhittat exempel | O5: 2026-10-02
A6: HP-002 | B6: Parkeringsnorm i nya stadsdelar | C6: Hög norm låser markanvändningen och gör bilen till standardval. | D6: Exempelstads stadsbyggnadsnämnd. | E6: 2 Mobilitet | F6: Hög | G6: Medel | H6: Ny parkeringspolicy ska antas under våren. Säkerhet: hög. | I6: Snart | J6: =IF(B6="","",IF(AND(I6="Öppet nu",F6<>"Låg",G6<>"Låg"),"Ta upp nu",IF(F6="Hög","Bevaka fönster","Parkera"))) -> Bevaka fönster | N6: Påhittat exempel | O6: 2026-10-02
A7: HP-003 | B7: Återbruk av stomme vid ombyggnad | C7: Kalkylerna jämför bara nybyggnad och rivning, inte återbruk. | D7: Fastighetsbolaget Exempelhem, kommunens lokalförvaltning. | E7: 1 Cirkulärt | F7: Hög | G7: Hög | H7: Upphandling av ramavtal för ombyggnad startar i november. Säkerhet: medel. | I7: Öppet nu | J7: =IF(B7="","",IF(AND(I7="Öppet nu",F7<>"Låg",G7<>"Låg"),"Ta upp nu",IF(F7="Hög","Bevaka fönster","Parkera"))) -> Ta upp nu | N7: Påhittat exempel | O7: 2026-10-02
A8: HP-004 | B8: Kvällstrafik till ytterområden | C8: Unga i ytterområden saknar sätt att ta sig hem efter klockan 20. | D8: Region Exempel (kollektivtrafik). | E8: 2 Mobilitet | F8: Medel | G8: Hög | H8: Trafikplanen för nästa år är redan beslutad. Säkerhet: hög. | I8: Stängt | J8: =IF(B8="","",IF(AND(I8="Öppet nu",F8<>"Låg",G8<>"Låg"),"Ta upp nu",IF(F8="Hög","Bevaka fönster","Parkera"))) -> Parkera | N8: Påhittat exempel | O8: 2026-10-02
A9: HP-005 | B9: Samverkan mellan många fastighetsägare | C9: Ingen part äger helheten när ett industriområde ska bli blandstad. | D9: Kommunen och ett 40-tal fastighetsägare. | E9: 3 Samspel | F9: Medel | G9: Medel | H9: Programarbete för området väntas, inget datum. Säkerhet: låg. | I9: Vet ej | J9: =IF(B9="","",IF(AND(I9="Öppet nu",F9<>"Låg",G9<>"Låg"),"Ta upp nu",IF(F9="Hög","Bevaka fönster","Parkera"))) -> Parkera | N9: Påhittat exempel | O9: 2026-10-02
A10: HP-006 | B10: Gemensam data om återbrukat material | C10: Utbudet är svårt att hitta och ansvaret för materialens egenskaper är oklart. | D10: Branschorganisationer, materialbanker. | E10: 1 Cirkulärt | F10: Medel | G10: Hög | H10: En nationell vägledning är på remiss till årsskiftet. Säkerhet: medel. | I10: Öppet nu | J10: =IF(B10="","",IF(AND(I10="Öppet nu",F10<>"Låg",G10<>"Låg"),"Ta upp nu",IF(F10="Hög","Bevaka fönster","Parkera"))) -> Ta upp nu | N10: Påhittat exempel | O10: 2026-10-02
A11: HP-007 | B11: Lägre hastighet som standard i tätort | C11: Varje sänkning kräver ett eget beslut och egen skyltning. | D11: Staten, kommuner. | E11: 2 Mobilitet | F11: Hög | G11: Låg | H11: Inget beslut i sikte. Säkerhet: låg. | I11: Vet ej | J11: =IF(B11="","",IF(AND(I11="Öppet nu",F11<>"Låg",G11<>"Låg"),"Ta upp nu",IF(F11="Hög","Bevaka fönster","Parkera"))) -> Bevaka fönster | N11: Påhittat exempel | O11: 2026-10-02
A12: HP-008 | B12: Bygdegårdar som mötesplatser | C12: Lokalerna säljs eller står tomma när föreningarna krymper. | D12: Föreningar, kommuner på landsbygden. | E12: 3 Samspel | F12: Låg | G12: Medel | H12: Kommunens landsbygdsprogram revideras nästa år. Säkerhet: medel. | I12: Snart | J12: =IF(B12="","",IF(AND(I12="Öppet nu",F12<>"Låg",G12<>"Låg"),"Ta upp nu",IF(F12="Hög","Bevaka fönster","Parkera"))) -> Parkera | N12: Påhittat exempel | O12: 2026-10-02
A13: HP-009 | B13: Pengar för åtgärder före ny infrastruktur | C13: Ingen har mandat eller medel för åtgärder som minskar behovet av att bygga. | D13: Staten, regioner. | E13: 2 Mobilitet | F13: Hög | G13: Medel | H13: Budgetarbetet pågår och nya styrsignaler kan komma. Säkerhet: medel. | I13: Öppet nu | J13: =IF(B13="","",IF(AND(I13="Öppet nu",F13<>"Låg",G13<>"Låg"),"Ta upp nu",IF(F13="Hög","Bevaka fönster","Parkera"))) -> Ta upp nu | N13: Påhittat exempel | O13: 2026-10-02
A14: HP-010 | B14: Återkommande mötesplats mellan aktörer | C14: Aktörerna möts bara i enskilda projekt, aldrig regelbundet. | D14: Programmets kansli. | E14: 3 Samspel | F14: Medel | G14: Hög | H14: Programmets verksamhetsplan för nästa år skrivs nu. Säkerhet: hög. | I14: Öppet nu | J14: =IF(B14="","",IF(AND(I14="Öppet nu",F14<>"Låg",G14<>"Låg"),"Ta upp nu",IF(F14="Hög","Bevaka fönster","Parkera"))) -> Ta upp nu | N14: Påhittat exempel | O14: 2026-10-02
A15: HP-011 | B15: Renovering utan stora hyreshöjningar | C15: Renovering ger stora hyreshöjningar, och rivning blir lockande. | D15: Fastighetsägare, hyresgästorganisationer. | E15: 1 Cirkulärt | F15: Medel | G15: Låg | H15: En utredning bereds; tidplanen är oklar. Säkerhet: låg. | I15: Öppet nu | J15: =IF(B15="","",IF(AND(I15="Öppet nu",F15<>"Låg",G15<>"Låg"),"Ta upp nu",IF(F15="Hög","Bevaka fönster","Parkera"))) -> Parkera | N15: Påhittat exempel | O15: 2026-10-02
A16: HP-012 | B16: Unga som medskapare i planeringen | C16: Ungas erfarenheter når inte planeringen. | D16: Exempelstads kommun, skolor. | E16: Tvärgående | F16: Medel | G16: Hög | H16: Översiktsplanen öppnar för samråd i vinter. Säkerhet: medel. | I16: Snart | J16: =IF(B16="","",IF(AND(I16="Öppet nu",F16<>"Låg",G16<>"Låg"),"Ta upp nu",IF(F16="Hög","Bevaka fönster","Parkera"))) -> Parkera | N16: Påhittat exempel | O16: 2026-10-02
J17: =IF(B17="","",IF(AND(I17="Öppet nu",F17<>"Låg",G17<>"Låg"),"Ta upp nu",IF(F17="Hög","Bevaka fönster","Parkera")))
J18: =IF(B18="","",IF(AND(I18="Öppet nu",F18<>"Låg",G18<>"Låg"),"Ta upp nu",IF(F18="Hög","Bevaka fönster","Parkera")))
J19: =IF(B19="","",IF(AND(I19="Öppet nu",F19<>"Låg",G19<>"Låg"),"Ta upp nu",IF(F19="Hög","Bevaka fönster","Parkera")))
J20: =IF(B20="","",IF(AND(I20="Öppet nu",F20<>"Låg",G20<>"Låg"),"Ta upp nu",IF(F20="Hög","Bevaka fönster","Parkera")))
J21: =IF(B21="","",IF(AND(I21="Öppet nu",F21<>"Låg",G21<>"Låg"),"Ta upp nu",IF(F21="Hög","Bevaka fönster","Parkera")))
J22: =IF(B22="","",IF(AND(I22="Öppet nu",F22<>"Låg",G22<>"Låg"),"Ta upp nu",IF(F22="Hög","Bevaka fönster","Parkera")))
J23: =IF(B23="","",IF(AND(I23="Öppet nu",F23<>"Låg",G23<>"Låg"),"Ta upp nu",IF(F23="Hög","Bevaka fönster","Parkera")))
J24: =IF(B24="","",IF(AND(I24="Öppet nu",F24<>"Låg",G24<>"Låg"),"Ta upp nu",IF(F24="Hög","Bevaka fönster","Parkera")))
J25: =IF(B25="","",IF(AND(I25="Öppet nu",F25<>"Låg",G25<>"Låg"),"Ta upp nu",IF(F25="Hög","Bevaka fönster","Parkera")))
J26: =IF(B26="","",IF(AND(I26="Öppet nu",F26<>"Låg",G26<>"Låg"),"Ta upp nu",IF(F26="Hög","Bevaka fönster","Parkera")))
J27: =IF(B27="","",IF(AND(I27="Öppet nu",F27<>"Låg",G27<>"Låg"),"Ta upp nu",IF(F27="Hög","Bevaka fönster","Parkera")))
J28: =IF(B28="","",IF(AND(I28="Öppet nu",F28<>"Låg",G28<>"Låg"),"Ta upp nu",IF(F28="Hög","Bevaka fönster","Parkera")))
... J60: =IF(B60="","",IF(AND(I60="Öppet nu",F60<>"Låg",G60<>"Låg"),"Ta upp nu",IF(F60="Hög","Bevaka fönster","Parkera")))

Sheet Översikt
A1: Översikt: de stora dragen
A2: Hävstång nedåt, fönster i sidled. * betyder svår att nå (Räckvidd låg). Rutan uppe till vänster (hög hävstång, öppet fönster) är det vi diskuterar först.
A4: Hävstång \ Fönster | B4: Öppet nu | C4: Snart | D4: Stängt | E4: Vet ej
A5: Hög | B5: {=_xlfn.TEXTJOIN(CHAR(10),TRUE(),IF((Logg!$F$5:$F$60=$A5)*(Logg!$I$5:$I$60=B$4),Logg!$A$5:$A$60&" "&Logg!$B$5:$B$60&IF(Logg!$G$5:$G$60="Låg"," *",""),""))} | C5: {=_xlfn.TEXTJOIN(CHAR(10),TRUE(),IF((Logg!$F$5:$F$60=$A5)*(Logg!$I$5:$I$60=C$4),Logg!$A$5:$A$60&" "&Logg!$B$5:$B$60&IF(Logg!$G$5:$G$60="Låg"," *",""),""))} | D5: {=_xlfn.TEXTJOIN(CHAR(10),TRUE(),IF((Logg!$F$5:$F$60=$A5)*(Logg!$I$5:$I$60=D$4),Logg!$A$5:$A$60&" "&Logg!$B$5:$B$60&IF(Logg!$G$5:$G$60="Låg"," *",""),""))} | E5: {=_xlfn.TEXTJOIN(CHAR(10),TRUE(),IF((Logg!$F$5:$F$60=$A5)*(Logg!$I$5:$I$60=E$4),Logg!$A$5:$A$60&" "&Logg!$B$5:$B$60&IF(Logg!$G$5:$G$60="Låg"," *",""),""))}
A6: Medel | B6: {=_xlfn.TEXTJOIN(CHAR(10),TRUE(),IF((Logg!$F$5:$F$60=$A6)*(Logg!$I$5:$I$60=B$4),Logg!$A$5:$A$60&" "&Logg!$B$5:$B$60&IF(Logg!$G$5:$G$60="Låg"," *",""),""))} | C6: {=_xlfn.TEXTJOIN(CHAR(10),TRUE(),IF((Logg!$F$5:$F$60=$A6)*(Logg!$I$5:$I$60=C$4),Logg!$A$5:$A$60&" "&Logg!$B$5:$B$60&IF(Logg!$G$5:$G$60="Låg"," *",""),""))} | D6: {=_xlfn.TEXTJOIN(CHAR(10),TRUE(),IF((Logg!$F$5:$F$60=$A6)*(Logg!$I$5:$I$60=D$4),Logg!$A$5:$A$60&" "&Logg!$B$5:$B$60&IF(Logg!$G$5:$G$60="Låg"," *",""),""))} | E6: {=_xlfn.TEXTJOIN(CHAR(10),TRUE(),IF((Logg!$F$5:$F$60=$A6)*(Logg!$I$5:$I$60=E$4),Logg!$A$5:$A$60&" "&Logg!$B$5:$B$60&IF(Logg!$G$5:$G$60="Låg"," *",""),""))}
A7: Låg | B7: {=_xlfn.TEXTJOIN(CHAR(10),TRUE(),IF((Logg!$F$5:$F$60=$A7)*(Logg!$I$5:$I$60=B$4),Logg!$A$5:$A$60&" "&Logg!$B$5:$B$60&IF(Logg!$G$5:$G$60="Låg"," *",""),""))} | C7: {=_xlfn.TEXTJOIN(CHAR(10),TRUE(),IF((Logg!$F$5:$F$60=$A7)*(Logg!$I$5:$I$60=C$4),Logg!$A$5:$A$60&" "&Logg!$B$5:$B$60&IF(Logg!$G$5:$G$60="Låg"," *",""),""))} | D7: {=_xlfn.TEXTJOIN(CHAR(10),TRUE(),IF((Logg!$F$5:$F$60=$A7)*(Logg!$I$5:$I$60=D$4),Logg!$A$5:$A$60&" "&Logg!$B$5:$B$60&IF(Logg!$G$5:$G$60="Låg"," *",""),""))} | E7: {=_xlfn.TEXTJOIN(CHAR(10),TRUE(),IF((Logg!$F$5:$F$60=$A7)*(Logg!$I$5:$I$60=E$4),Logg!$A$5:$A$60&" "&Logg!$B$5:$B$60&IF(Logg!$G$5:$G$60="Låg"," *",""),""))}

Sheet Så använder vi loggen
A1: Så använder vi loggen
A2: Syfte | B2: Ge gruppen en gemensam bild av var systemet går att rubba och när, så att vi kan prioritera tillsammans. Loggen är ett diskussionsunderlag, inte en exakt mätning.
A3: En rad är | B3: En hävstångspunkt: ett ställe där en liten insats kan ge stor effekt. Skriv rubrik, låset i en mening och vem som kan agera.
A4: Hävstång | B4: Hög, Medel eller Låg: hur stor effekt blir det om låset rubbas? Känn efter, ingen exakthet behövs.
A5: Räckvidd | B5: Hög, Medel eller Låg: kan vi nå de som kan agera?
A6: Fönster | B6: Ett fönster är något som öppnar sig: ett beslut, en utredning, en upphandling eller ett stort omvandlingsprojekt. Skriv det kort och välj Öppet nu, Snart, Stängt eller Vet ej. Avsluta gärna fönstertexten med hur säker uppgiften är och skriv källan i kolumnen Källa.
A7: Förslag | B7: Räknas automatiskt: Ta upp nu när hävstången är medel eller hög, fönstret är öppet och räckvidden inte är låg. Bevaka fönster när hävstången är hög men fönstret inte är öppet. Annars Parkera. Förslaget är bara en utgångspunkt.
A8: Gruppens val | B8: Fylls i på mötet efter diskussion: Ta upp nu, Bevaka, Parkera eller Klar. Skriv nästa steg och ansvarig i kolumnen bredvid.
A9: Lärdom efter cykeln | B9: Fylls i på utvärderingsmötet: en mening om vad vi lärde oss, till exempel om hävstången var rätt bedömd, om fönstret öppnades och vad som överraskade. Justera samtidigt Hävstång, Räckvidd och Fönster nu och sätt Gruppens val till Klar, Bevaka eller Parkera.
A10: Bra att kolla (valfritt) | B10: En stark punkt har oftast: ett konkret lås, fler än en berörd aktör, ett pågående beslutsläge, något som gick emot förväntan och aktörer inom räckhåll.
A11: Exempel | B11: Allt innehåll på fliken Logg i den här filen är påhittat och visar bara hur loggen fungerar.
